Model,Type,R1-Prec,R1-Rec,R1-F1,R2-F1,RL-F1
Lead-3,Extractive,0.227154,0.46839620000000004,0.29472000000000004,0.1121084,0.1995949
TextRank,Extractive,0.2073931,0.4457462,0.27275150000000004,0.09243559999999999,0.18420280000000003
LSA,Extractive,0.19538170000000002,0.3044572,0.2249532,0.059101799999999996,0.1528391
LexRank,Extractive,0.2149331,0.42288380000000003,0.2742017,0.0880172,0.1827903
T5-small,Abstractive,0.2931265,0.35353949999999995,0.31384,0.11902149999999999,0.22532200000000002
BART,Abstractive,0.2905575,0.448953,0.345515,0.145122,0.24689250000000001
